model,macro_f1
Naive Baseline,0.332321618743344
Random Forest,0.332321618743344
